Battery_Capacity,Battery_Voltage,Battery_SOC,Battery_Temperature,Departure_Time,Arrival_Time,Distance,Traffic_Intensity,Elevation,Optimal_Charging_Start,Optimal_Charging_End,Range
68,368,33,30,09:20:36,03:03:35,133,Medium,834,19:03:20,11:03:12,174
97,404,32,31,22:51:28,19:52:17,254,High,784,17:38:14,03:06:45,231
86,437,91,23,19:24:05,17:15:40,59,Low,185,20:37:47,08:22:32,135
79,423,32,29,03:01:21,17:21:01,267,Medium,634,19:23:07,00:19:03,102
57,430,34,28,15:17:04,20:35:43,178,Low,818,20:15:59,00:53:41,163
57,415,78,32,21:35:29,06:46:38,149,High,640,21:15:34,01:26:20,206
52,419,50,33,12:18:22,21:25:20,174,Low,310,16:08:56,23:14:34,98
93,434,79,20,01:12:42,16:15:59,216,Medium,656,02:51:28,22:08:16,152
80,374,15,30,21:28:35,18:08:30,53,Medium,210,06:17:11,20:59:12,83
85,398,53,20,21:51:51,13:48:36,267,Medium,318,18:47:21,02:03:03,85
51,372,13,28,14:35:08,01:51:47,161,Low,240,23:48:51,10:27:06,162
98,448,15,24,06:50:18,13:13:58,135,Medium,556,14:00:01,10:23:42,130
91,444,91,24,05:05:51,00:34:57,84,Low,108,07:21:24,09:36:12,223
60,353,22,25,14:14:56,06:57:46,159,High,933,01:50:08,11:41:38,182
59,420,57,29,19:08:31,18:19:01,174,High,333,08:12:05,18:50:18,157
59,442,46,25,03:49:17,18:40:18,150,Low,218,14:50:52,11:51:21,149
65,368,41,30,04:19:22,04:17:15,219,Medium,496,14:49:06,14:36:55,164
76,406,90,26,10:36:21,03:11:28,155,Low,276,10:39:37,13:11:28,86
71,441,11,21,03:28:43,06:13:54,290,Low,534,07:01:50,20:10:59,231
64,353,69,31,01:12:41,11:34:04,199,Low,348,15:38:09,04:47:57,249
80,419,96,24,08:41:30,16:57:41,251,High,132,11:16:06,17:43:58,110
56,379,60,26,06:03:18,09:42:16,77,Low,265,21:39:38,04:47:11,100
64,442,94,30,09:29:30,04:44:41,149,High,438,03:34:50,22:33:37,104
68,447,14,24,02:56:20,08:48:32,134,Low,30,14:35:30,22:52:24,192
72,444,47,20,18:30:52,03:35:17,192,High,770,08:12:17,03:29:29,192
89,397,33,25,01:58:51,08:56:28,265,Low,621,20:47:00,12:41:48,224
59,436,75,34,09:01:01,17:13:24,69,Low,601,03:49:07,13:55:46,207
75,434,98,29,23:16:31,14:05:55,68,Medium,546,19:47:20,07:54:23,156
79,381,33,30,15:15:45,09:28:14,262,Medium,590,10:51:52,17:34:24,184
52,432,68,29,06:52:30,03:17:49,103,Low,934,20:20:26,16:31:55,197
80,353,27,22,10:23:00,16:43:38,217,Low,8,18:22:50,23:06:12,167
58,409,60,26,10:54:20,15:10:13,185,Low,47,17:50:42,15:04:35,160
53,373,51,31,03:06:25,02:50:49,258,Low,191,02:39:51,09:44:30,189
97,362,97,21,14:49:11,09:37:44,81,Medium,167,18:41:47,09:45:25,174
98,357,64,24,16:32:10,09:17:57,82,High,181,04:51:40,21:11:31,189
90,419,41,24,00:46:27,19:57:47,189,Low,671,07:10:15,00:52:51,184
65,383,20,26,20:41:06,05:12:03,286,Medium,459,06:46:23,19:38:40,202
54,422,23,34,01:41:23,22:13:32,153,Low,991,20:51:22,07:58:12,189
84,356,30,21,03:43:18,19:36:07,131,Low,226,16:37:46,13:43:39,168
72,381,32,27,10:39:49,11:33:43,201,High,310,07:06:01,20:21:17,195
56,403,86,22,10:10:44,04:53:04,282,Low,984,12:22:28,15:28:42,156
74,429,60,34,02:11:02,12:08:41,259,Low,831,05:36:19,15:45:34,121
51,381,57,21,09:26:48,00:02:29,298,High,469,00:28:49,20:33:02,80
95,412,20,26,21:01:48,17:11:28,55,High,554,14:22:41,03:53:04,175
62,438,87,31,15:01:59,02:25:56,78,High,843,02:36:55,09:51:28,180
83,411,75,30,21:29:19,08:25:01,202,High,480,12:07:21,01:11:26,245
65,373,16,26,05:27:24,02:45:03,255,Medium,206,20:28:01,04:36:26,141
76,352,73,25,09:59:41,18:12:38,121,Medium,828,08:48:58,22:32:03,147
77,437,58,25,07:32:12,11:34:54,109,Medium,537,17:44:00,20:23:43,114
59,352,17,23,23:40:53,22:08:01,246,Low,153,11:19:51,11:47:23,91
98,437,51,23,09:46:36,21:40:43,64,High,505,20:36:07,16:52:09,211
88,402,53,27,21:15:44,11:46:01,142,High,413,14:58:34,16:48:49,122
96,443,24,24,21:56:19,17:12:45,176,Medium,876,05:59:44,01:30:24,183
94,429,95,24,17:42:26,04:57:41,190,Low,126,11:18:17,03:50:10,196
79,449,86,29,08:15:33,11:09:55,232,Low,875,23:00:24,16:43:01,160
96,385,70,34,01:11:39,10:24:33,138,Low,512,06:43:41,05:08:04,228
54,426,51,29,08:11:25,04:29:06,203,Medium,404,11:42:35,19:28:20,155
59,390,47,21,08:09:31,05:53:54,196,Low,161,18:05:24,08:27:54,128
52,397,68,21,01:47:19,02:12:02,186,Low,700,08:19:09,07:30:19,232
66,412,59,34,06:59:01,23:52:05,210,Low,926,04:26:12,07:53:20,226
69,437,15,24,00:50:59,10:59:57,114,High,375,08:01:49,22:05:02,107
63,448,56,21,03:23:53,16:41:11,71,Medium,241,20:32:23,04:08:06,84
91,426,82,28,01:30:56,16:35:01,79,High,554,20:43:41,03:38:04,95
67,391,51,29,13:01:28,10:38:33,106,High,796,01:59:08,10:14:33,128
64,392,14,29,14:11:36,17:20:35,175,Medium,3,01:54:55,12:53:47,245
77,423,80,24,19:38:23,07:51:45,260,High,631,21:45:10,06:39:05,174
57,373,28,20,20:09:45,11:21:52,225,Low,596,22:42:16,23:38:49,143
90,361,33,34,13:36:17,17:42:59,247,Low,318,03:12:06,21:24:27,231
53,385,24,23,23:13:33,07:33:56,137,Low,451,15:32:44,21:19:38,157
99,378,39,30,11:21:55,14:08:50,151,Low,246,00:10:05,02:04:00,133
88,379,78,30,05:35:44,19:39:24,148,Medium,789,19:34:43,14:25:02,240
59,373,56,29,03:21:13,18:04:10,97,High,634,04:40:25,07:56:40,224
50,354,28,24,15:35:55,14:07:18,65,High,532,11:29:27,14:41:33,223
90,351,89,24,00:44:35,22:26:39,197,Low,392,09:18:04,19:04:30,167
85,448,89,28,19:17:37,18:49:41,297,Low,291,04:40:26,18:12:42,214
86,392,88,32,02:22:31,06:59:40,91,High,822,19:48:41,00:21:14,110
88,388,31,34,12:58:15,00:18:36,61,Medium,451,20:00:53,17:47:08,177
53,417,50,21,04:03:20,18:32:46,244,High,501,15:57:57,00:42:08,247
67,371,98,22,07:50:13,15:22:06,113,Low,520,14:54:16,22:42:44,129
55,444,79,34,06:30:13,11:07:04,257,Low,448,19:24:12,01:13:37,215
93,428,12,31,05:11:15,09:27:52,225,Medium,256,00:24:07,07:17:15,163
81,358,15,33,16:44:22,04:48:25,286,High,120,04:05:22,20:28:43,86
66,391,51,23,13:06:45,04:21:14,152,Medium,98,19:29:13,10:05:02,209
53,437,91,28,14:43:16,12:27:32,215,Medium,757,21:22:10,13:59:01,108
65,444,58,30,08:53:46,10:22:32,166,Low,223,05:10:12,10:21:02,187
66,396,54,30,11:33:04,10:17:49,207,High,55,11:53:01,17:30:32,94
86,411,19,26,12:26:51,20:29:25,162,Low,797,20:34:54,23:00:43,240
81,366,69,20,22:39:58,15:12:38,97,High,154,03:16:27,14:36:26,129
94,449,83,28,13:14:42,00:25:47,176,Low,625,21:37:06,05:47:26,118
73,373,44,23,00:52:30,00:48:37,182,Low,338,14:31:10,11:11:02,101
55,444,79,26,02:16:27,01:48:05,252,High,126,23:02:29,22:01:06,240
85,414,96,34,18:45:53,13:49:37,233,High,414,05:57:01,01:31:52,201
88,410,28,25,22:31:39,09:23:17,215,Low,14,13:40:17,06:31:42,206
78,401,57,32,12:58:19,08:07:27,78,High,841,18:43:30,10:13:02,164
88,373,35,22,02:04:08,09:16:54,230,Low,513,12:25:43,13:31:42,160
74,367,81,30,05:24:30,05:13:21,175,High,139,11:17:08,03:16:47,98
76,372,61,34,21:01:44,21:05:25,273,Low,236,16:20:47,02:56:09,175
71,368,67,21,04:59:26,06:11:34,279,Low,447,16:52:55,20:46:39,121
51,427,81,20,07:54:00,13:21:50,63,Low,188,07:42:23,17:02:38,246
55,385,45,26,19:43:22,22:47:06,255,Medium,268,01:07:43,09:51:08,215
51,355,92,21,10:38:46,07:49:24,59,High,534,20:32:22,13:54:45,150
81,446,57,31,21:23:10,12:20:40,141,Low,832,12:53:52,10:59:32,105
65,438,24,33,21:25:15,09:52:54,185,Medium,401,16:13:13,03:25:26,213
75,442,72,26,02:19:45,08:14:51,87,Low,716,15:48:37,05:21:25,100
95,449,81,23,02:00:57,01:24:12,236,Medium,876,06:25:25,21:04:34,112
62,367,38,26,20:46:00,01:50:57,52,Low,216,00:31:56,01:34:08,115
70,389,87,30,16:01:28,01:34:37,92,Low,807,14:51:20,18:50:48,174
87,425,91,20,19:05:07,02:41:55,195,Medium,757,17:29:59,17:42:11,213
61,419,34,28,15:50:32,05:54:47,228,Medium,356,12:23:29,02:17:55,133
53,365,98,29,02:59:34,16:18:02,279,High,989,01:18:46,05:06:32,94
64,431,22,29,04:26:43,17:38:08,226,High,262,11:46:24,05:17:44,158
58,372,28,23,11:19:44,19:11:04,217,Medium,254,17:13:05,21:50:38,207
96,372,26,30,19:08:38,02:10:56,148,High,772,11:19:22,18:08:34,117
90,403,90,21,03:50:53,03:04:00,50,Medium,434,05:57:29,22:11:51,117
81,409,68,22,18:37:26,17:11:12,80,High,330,08:29:56,23:49:39,241
93,408,23,33,12:42:12,08:01:36,183,Low,178,03:48:33,08:12:39,242
90,359,49,31,12:59:56,12:15:47,218,High,765,15:23:13,21:41:16,248
59,437,65,20,21:27:51,23:34:21,154,Low,786,07:13:30,06:16:54,217
94,376,17,23,14:52:44,03:10:54,232,Low,566,01:47:03,17:23:01,111
76,362,89,23,21:42:18,13:28:34,180,High,957,00:54:19,02:27:18,116
90,438,82,24,07:51:07,15:53:14,68,Medium,318,13:39:24,00:20:52,137
94,445,55,23,09:25:47,09:40:42,98,Low,219,02:04:37,09:52:45,134
65,436,97,20,18:25:22,15:09:48,259,Low,677,21:25:39,12:08:37,242
55,430,47,26,10:12:27,18:01:23,231,High,758,05:37:03,05:50:52,214
61,415,98,30,08:19:55,22:01:37,273,Medium,224,06:29:29,09:54:34,203
71,405,70,29,18:47:38,18:39:25,79,Medium,76,23:18:38,17:52:18,111
90,358,67,30,18:11:14,02:57:13,297,High,810,02:39:32,04:24:10,234
93,390,24,21,22:13:10,15:00:52,102,Medium,976,00:13:37,09:16:35,220
50,387,89,34,09:26:10,02:53:25,52,High,644,09:56:27,20:17:59,107
75,375,48,32,05:33:42,17:08:37,299,High,277,13:35:37,17:00:13,228
70,422,24,32,18:05:45,22:20:56,120,High,996,15:59:20,07:01:50,126
61,399,11,32,19:37:48,00:20:26,217,Low,893,00:05:40,14:59:33,93
55,358,60,33,09:27:00,09:58:05,94,Low,513,14:43:02,03:00:50,191
66,372,57,28,02:39:07,22:43:35,195,Low,825,10:46:34,20:41:00,191
97,418,74,23,19:53:46,12:16:58,276,High,815,13:01:28,19:53:46,96
66,357,90,29,23:06:10,07:57:51,130,Low,934,03:25:50,03:38:29,134
75,435,17,31,06:03:24,02:11:38,217,Low,840,11:01:16,06:21:56,248
85,399,75,31,11:25:37,11:01:55,96,Low,643,02:09:47,17:44:09,195
68,398,26,27,13:11:42,13:21:22,206,High,609,21:40:42,23:07:26,204
98,409,87,21,18:52:36,04:08:20,134,High,467,20:14:34,09:13:45,116
98,432,83,25,13:52:23,10:04:34,102,High,626,15:20:20,19:53:10,93
62,384,58,33,15:56:12,16:01:23,128,Low,795,20:59:43,05:20:32,127
74,417,73,28,21:53:56,00:38:29,94,Medium,969,22:04:38,18:38:23,122
65,406,38,28,19:53:03,13:36:50,275,Low,467,08:52:17,17:34:51,119
64,376,52,24,10:31:48,10:22:56,149,Low,573,20:07:43,10:36:18,112
51,437,83,25,06:45:57,01:39:40,111,High,444,19:33:09,20:23:55,177
80,429,51,33,10:27:53,02:01:38,162,High,668,18:40:56,01:21:03,135
75,415,42,29,08:22:44,04:20:57,130,Low,629,23:39:23,09:01:07,219
52,435,54,31,22:49:27,04:51:44,236,Low,17,23:31:55,00:58:37,111
63,436,84,26,10:46:56,20:28:19,292,Medium,541,00:37:43,10:58:27,158
95,420,40,29,21:28:18,05:19:49,159,Medium,88,23:50:58,09:44:00,82
61,433,25,23,00:35:13,01:56:31,265,High,26,16:33:10,01:02:08,161
57,419,74,30,13:34:29,05:40:56,191,Medium,791,17:22:59,04:41:09,89
74,418,84,26,16:02:15,02:32:00,89,Medium,258,21:42:17,11:17:57,246
99,411,19,26,13:29:51,18:04:12,222,High,340,07:46:40,20:20:00,214
62,425,31,29,12:14:45,18:11:47,178,Medium,64,14:38:19,02:04:24,163
83,365,22,34,23:24:50,18:34:11,212,Low,179,12:44:00,16:07:16,94
88,438,41,20,05:41:58,04:33:21,272,Medium,765,19:03:23,08:31:05,180
61,437,50,32,14:52:53,06:12:56,160,High,493,03:35:44,16:39:20,208
86,352,77,24,19:57:37,14:53:02,275,Low,880,01:27:25,06:06:46,112
68,432,68,26,22:24:41,20:19:30,237,Medium,397,22:14:35,06:53:26,176
81,362,65,20,06:21:16,04:23:39,172,Low,268,05:34:38,07:08:27,218
81,383,41,24,17:48:40,21:32:07,200,Low,347,05:34:35,14:01:06,210
76,424,85,27,09:09:56,23:49:19,131,Medium,712,09:29:52,14:17:21,216
54,366,52,20,06:47:49,15:49:51,295,Medium,555,08:37:28,17:09:53,229
91,431,98,27,05:26:51,11:12:44,216,High,904,19:58:42,17:32:06,239
66,433,67,33,00:00:43,09:38:24,60,High,602,06:49:03,02:13:43,148
59,400,21,21,20:59:33,13:31:23,131,Low,493,04:03:35,13:35:12,176
52,350,70,31,03:16:03,15:46:43,205,High,785,12:15:24,15:15:53,214
79,378,39,26,10:53:25,08:39:49,64,Low,947,13:10:28,04:51:24,198
83,411,71,29,03:00:06,22:49:12,55,Low,355,01:21:13,05:37:49,249
50,448,16,23,17:08:34,17:14:35,162,High,249,23:23:58,05:38:55,82
75,413,25,22,07:23:18,16:04:21,133,High,616,06:25:42,23:47:40,140
61,375,87,22,03:49:51,15:40:09,159,High,498,03:38:15,12:43:50,127
82,413,30,21,10:26:31,23:17:48,115,Medium,989,05:58:31,22:54:00,124
58,403,85,22,13:56:17,17:06:03,91,Low,462,05:33:55,07:03:20,117
84,427,35,29,15:34:46,04:59:54,222,Low,74,07:29:26,21:50:52,200
69,360,67,33,03:36:16,15:34:25,178,Low,977,06:26:24,04:48:02,94
96,426,72,32,06:47:45,17:28:22,100,High,843,23:45:40,18:00:28,206
56,404,56,30,15:38:40,20:13:14,129,High,178,14:24:21,22:32:54,197
67,446,37,21,03:29:29,16:32:24,197,High,904,17:11:22,19:40:22,122
55,384,29,24,21:10:01,20:16:22,68,High,340,18:44:38,04:06:56,122
96,413,12,24,11:11:29,10:16:57,86,High,377,09:29:09,05:48:21,186
93,443,37,23,03:17:25,13:28:19,68,Medium,906,01:45:12,16:12:11,209
62,360,68,27,20:06:00,18:52:38,253,High,530,21:28:37,03:07:36,229
82,443,94,28,22:25:44,23:12:17,238,Low,137,08:44:08,04:44:25,224
90,418,88,25,05:05:43,22:45:32,238,High,369,12:36:13,10:07:39,244
77,356,78,25,07:23:21,06:39:17,229,Low,722,04:08:07,00:44:28,178
76,380,80,32,18:36:17,08:32:31,217,High,174,06:39:53,04:27:52,234
62,420,69,31,04:29:56,21:16:18,169,High,590,02:54:55,07:16:54,217
54,356,33,24,09:32:09,05:34:55,210,Low,695,14:39:32,22:44:08,232
94,408,91,33,04:11:53,04:33:19,59,Low,343,06:18:33,01:31:50,81
95,384,70,34,06:08:53,03:09:09,205,Low,693,13:49:46,19:48:30,244
81,412,60,24,20:11:54,23:20:10,244,Low,884,13:55:56,06:29:57,160
66,354,19,25,00:42:52,15:25:29,175,Medium,472,18:50:53,02:50:50,215
67,437,50,27,14:01:51,16:15:06,139,Low,382,16:53:27,23:08:09,101
86,447,51,34,06:52:43,15:34:57,119,High,251,18:26:47,13:49:57,147
94,446,87,33,21:17:02,15:39:11,210,High,604,19:56:18,14:25:00,126
94,424,59,21,06:42:17,02:48:20,223,Medium,879,00:50:06,05:14:24,129
88,363,44,25,11:37:36,17:42:35,267,Low,324,22:42:04,05:17:00,100
82,425,97,28,00:43:58,15:16:31,135,High,396,16:42:55,23:02:16,216
54,352,19,27,10:03:58,08:05:23,242,Medium,406,07:41:11,15:07:59,81
58,352,48,22,17:03:48,19:24:01,190,High,560,09:12:25,16:39:16,133
94,382,13,32,01:28:23,08:27:52,270,Medium,228,17:41:50,08:11:28,109
80,398,76,30,21:01:43,05:02:19,181,Medium,822,19:48:19,18:35:52,180
50,427,92,32,05:41:24,05:38:32,179,Low,295,15:36:02,21:24:28,123
55,418,35,32,22:56:20,22:00:36,194,Medium,705,14:57:33,10:59:03,124
83,394,87,31,22:58:15,05:44:33,237,High,513,12:21:39,13:45:37,163
50,377,36,26,13:38:27,14:14:44,291,High,585,22:58:48,16:01:07,190
58,449,91,29,18:54:48,13:57:53,68,Low,179,03:50:53,03:09:06,100
77,392,77,22,08:57:44,06:45:57,63,Low,735,08:22:46,03:15:13,109
84,395,82,30,21:31:04,23:58:30,284,Medium,188,08:23:20,15:24:40,122
82,366,11,22,22:04:41,09:31:16,182,Low,113,08:45:54,03:28:55,245
61,429,96,30,20:31:58,13:39:35,203,High,546,20:15:55,05:00:38,147
85,419,75,23,09:58:38,15:23:44,170,High,709,22:24:25,00:50:39,181
61,372,37,21,14:06:28,21:26:24,73,Low,50,16:44:08,02:00:00,121
66,358,84,22,14:02:18,19:17:45,242,Low,69,14:38:32,06:20:44,163
87,418,35,20,09:27:28,17:36:25,236,Low,802,00:04:55,00:47:21,92
82,415,88,30,14:34:05,08:59:34,127,Medium,809,08:43:05,21:45:03,85
92,377,20,30,11:46:37,07:19:53,126,Medium,245,12:25:27,22:54:43,159
82,445,73,27,12:28:18,09:21:18,259,High,615,07:14:05,11:16:52,147
78,365,58,22,02:07:07,20:27:34,68,Medium,443,05:03:10,14:09:34,103
54,393,18,21,22:57:19,10:10:30,270,Medium,632,20:29:17,22:51:51,196
68,444,31,20,14:03:50,16:47:38,114,Medium,862,02:02:11,11:00:00,248
63,391,11,22,20:02:44,03:29:22,198,Medium,79,20:29:20,09:17:46,147
62,413,52,33,07:22:15,18:11:14,283,High,777,05:20:59,01:48:07,186
98,389,37,23,12:02:47,10:36:36,219,Low,493,05:39:14,21:21:25,243
69,377,63,25,08:59:13,14:28:49,153,High,564,17:51:28,08:20:30,221
94,448,36,21,12:52:56,10:25:43,222,Medium,653,15:37:59,19:42:05,158
81,390,36,23,06:14:06,01:19:14,135,Low,922,20:16:40,23:13:32,205
89,439,76,27,05:33:40,19:03:21,119,Low,56,18:17:56,06:23:08,101
75,372,14,29,21:23:48,17:37:22,299,Low,29,22:36:59,10:55:22,167
78,371,91,23,04:43:00,18:10:27,237,High,178,05:11:10,15:50:01,127
74,353,86,20,09:42:15,23:01:58,211,Low,986,15:51:48,14:34:35,107
59,415,70,25,13:07:55,07:28:10,138,High,715,19:08:00,19:53:27,152
86,386,63,23,16:24:49,04:17:54,62,High,614,02:20:22,06:43:03,102
64,436,90,23,11:24:16,17:13:53,57,Medium,47,08:53:18,09:05:56,198
51,397,26,34,13:47:13,09:34:08,188,Medium,879,12:54:45,21:45:34,157
82,446,17,29,08:35:56,02:10:43,240,Low,812,19:18:22,16:42:09,170
58,368,31,28,22:42:05,11:02:52,184,Low,664,06:35:11,20:31:41,104
97,436,81,26,14:04:42,06:13:55,260,Medium,339,22:26:45,09:02:55,103
97,427,13,26,17:12:42,10:38:24,58,High,70,01:32:27,14:16:26,179
95,427,62,28,13:27:17,20:09:42,141,High,580,17:19:39,17:50:18,247
68,434,99,30,18:55:26,14:18:47,109,Medium,719,02:30:57,11:23:04,96
50,426,87,30,14:08:39,21:20:59,161,High,94,05:21:44,23:26:47,128
96,412,56,22,19:27:32,19:43:31,68,Medium,633,08:08:51,14:46:58,227
71,363,15,27,03:45:56,17:22:12,288,Medium,286,08:14:12,05:43:33,92
98,353,84,26,01:47:02,04:03:27,105,Low,764,21:15:31,19:40:31,228
98,442,63,33,07:05:15,13:07:08,280,Low,539,01:25:13,03:04:52,169
92,411,20,29,23:47:38,18:34:36,156,Medium,129,05:33:07,07:21:41,149
64,429,18,27,12:12:04,20:57:17,296,Low,526,03:20:55,06:21:45,132
69,398,91,21,19:53:17,00:07:50,188,Medium,395,13:42:55,04:15:14,130
92,361,70,29,14:17:01,16:16:42,282,High,180,13:43:47,04:02:22,131
65,362,84,21,09:54:44,01:05:21,51,High,841,05:19:30,09:04:22,230
58,418,89,25,17:46:11,13:02:11,237,High,11,00:43:06,14:17:24,203
77,393,61,22,14:12:49,03:11:44,275,High,312,07:08:01,07:30:20,193
96,370,56,30,14:56:54,01:01:14,84,Medium,12,16:51:44,01:21:07,215
84,399,48,23,10:18:34,22:28:16,74,High,96,04:41:43,22:31:07,123
78,356,38,25,06:52:25,06:29:27,156,High,297,16:52:37,03:29:18,185
54,408,49,33,13:13:53,13:43:29,283,High,54,02:59:46,22:17:52,158
80,376,79,23,12:43:23,16:31:45,185,High,596,06:29:05,22:32:51,213
99,429,64,27,08:00:50,05:50:23,181,Medium,86,03:50:36,14:17:53,132
57,381,90,26,10:54:21,05:26:17,85,High,701,02:57:56,11:32:06,189
75,395,49,20,22:55:53,23:36:55,50,Low,52,08:05:12,18:27:00,229
93,351,64,31,18:17:11,23:37:33,252,Low,59,21:27:29,23:38:33,148
87,357,66,21,22:27:27,07:46:14,71,Low,305,19:35:01,06:18:30,91
84,389,63,27,00:18:27,10:21:53,208,Low,896,03:07:44,12:56:23,167
85,397,73,28,19:48:36,23:00:17,278,Low,641,09:49:08,04:22:18,138
67,410,31,29,02:33:34,11:11:56,102,Low,770,00:12:49,00:32:58,194
64,379,56,30,07:15:37,10:27:39,216,Medium,141,14:31:33,17:55:32,241
90,419,19,23,12:22:59,06:22:20,69,Low,834,10:30:13,04:40:11,162
90,436,44,20,21:21:15,01:10:21,200,High,8,21:46:13,08:49:54,159
93,427,53,30,15:34:59,09:34:51,90,Low,213,15:54:28,10:32:18,191
95,353,68,28,12:45:07,09:27:58,233,Medium,616,14:18:26,21:56:41,97
75,398,95,32,11:54:54,17:13:17,125,Low,375,08:36:36,01:06:30,123
75,360,64,32,21:20:25,23:07:41,165,High,984,10:27:51,19:01:18,236
89,374,76,32,07:20:24,21:44:52,199,High,30,23:27:35,05:31:09,193
82,448,55,27,08:00:05,07:03:26,92,Medium,998,19:17:24,08:07:25,82
85,364,67,25,22:50:22,03:04:32,235,Medium,623,02:03:13,10:40:19,114
89,399,16,31,10:42:22,16:33:29,125,Medium,558,06:25:07,19:08:07,196
94,411,32,26,12:42:17,07:38:46,215,Medium,59,23:15:19,14:33:23,209
66,420,42,22,22:14:32,04:33:06,89,Low,273,14:06:57,00:40:40,222
68,405,52,32,20:56:38,07:27:38,222,Low,924,16:21:21,12:39:26,129
54,350,14,33,22:26:44,06:27:13,82,High,354,21:11:17,20:04:34,238
78,382,22,26,11:17:23,20:49:37,156,Medium,661,23:45:46,20:03:48,174
51,401,34,21,18:46:39,03:41:17,111,Medium,999,14:36:15,15:15:56,198
73,358,97,25,18:41:06,11:47:24,237,Low,263,04:01:51,19:34:05,181
77,385,39,32,17:47:19,06:37:27,115,Medium,576,08:53:26,00:20:15,100
64,353,53,33,05:26:08,04:02:43,270,High,696,08:35:46,14:38:33,243
79,357,27,23,20:44:56,14:41:57,272,High,164,10:00:49,09:56:59,100
51,389,64,21,20:25:39,19:18:47,99,Medium,148,00:07:56,14:05:01,123
51,363,35,33,15:44:12,10:39:02,203,High,456,15:57:27,23:55:48,218
91,406,28,25,16:22:19,22:06:22,71,High,385,21:17:21,00:00:27,185
68,418,56,28,04:53:52,06:45:33,147,Low,714,08:11:18,03:19:47,222
56,430,10,34,16:27:40,09:18:57,228,High,69,17:58:04,07:00:25,167
76,370,10,20,01:24:57,08:47:50,214,Medium,972,01:38:58,18:42:48,144
88,366,29,29,17:40:05,17:40:47,206,Medium,14,09:46:56,09:11:40,236
60,360,13,21,10:56:37,12:41:24,120,High,601,06:59:36,06:11:46,86
81,413,19,25,05:44:10,19:13:43,144,Medium,562,14:51:59,07:16:04,225
54,420,40,32,13:01:39,18:38:54,75,Low,134,19:14:41,13:33:47,119
52,353,82,26,02:54:52,14:15:26,229,High,150,23:25:25,16:34:54,224
76,443,61,34,02:32:23,07:09:03,175,High,792,13:25:57,00:58:49,103
77,355,56,28,18:17:48,18:18:27,227,High,887,09:16:52,17:35:14,178
81,404,36,24,19:23:44,20:58:46,112,Medium,283,13:01:47,18:50:41,230
86,420,93,23,02:00:35,13:32:47,131,Medium,437,12:26:08,04:18:42,160
98,437,45,25,12:48:59,09:18:29,133,High,354,06:47:09,06:04:51,206
75,421,17,25,10:33:24,21:02:36,56,Medium,72,23:53:08,11:18:46,216
66,430,65,21,15:33:28,08:17:10,135,Medium,673,21:22:06,11:35:11,205
89,383,20,25,18:22:18,15:01:11,250,High,825,15:08:26,17:48:50,237
63,431,41,26,15:53:50,21:05:42,274,High,304,23:28:16,15:42:33,155
71,358,55,30,08:00:41,07:43:28,179,Medium,990,19:06:42,15:32:48,109
53,439,88,29,18:32:33,01:08:46,163,High,75,07:06:27,17:56:28,88
51,404,54,30,15:43:39,01:28:32,57,High,661,18:19:43,12:04:24,121
98,431,73,20,22:17:33,09:33:43,269,High,448,06:39:06,23:28:58,104
91,395,99,23,12:05:20,22:07:36,53,High,446,05:24:40,05:32:09,174
84,414,21,29,05:31:40,21:59:32,286,Medium,457,12:38:39,04:59:32,111
70,402,34,27,15:42:38,14:05:43,172,High,258,21:48:16,22:57:10,86
58,423,45,20,09:09:29,07:44:18,135,Low,715,15:21:33,23:23:06,86
57,358,47,32,19:17:59,00:42:51,281,High,721,07:48:44,17:20:19,221
62,356,46,31,23:51:08,00:39:31,56,Low,282,17:23:59,20:09:24,180
77,374,91,28,14:03:39,04:16:07,195,High,835,21:59:41,14:35:47,140
85,365,74,20,08:44:08,09:33:08,187,Low,316,01:01:26,14:14:43,232
83,437,64,31,03:16:15,23:22:34,104,Low,725,13:47:38,07:39:49,91
63,371,37,28,14:34:56,17:06:14,157,High,120,20:52:55,05:36:01,246
97,447,84,31,19:04:54,20:53:19,213,High,168,11:31:27,11:57:03,184
86,383,95,31,04:19:14,17:24:02,231,High,315,22:27:45,22:12:16,111
77,368,83,32,17:46:01,22:45:23,50,Low,593,03:25:35,15:40:25,195
80,428,10,27,12:03:41,01:45:21,284,Medium,645,17:02:00,00:46:11,209
70,415,67,22,12:09:30,10:47:07,91,Medium,396,16:06:47,04:54:55,152
62,399,14,30,08:07:02,06:42:34,108,High,77,04:18:38,17:19:01,226
67,405,33,29,15:45:08,16:45:37,115,Medium,373,13:33:34,03:14:37,105
87,421,15,31,20:10:34,07:53:36,59,Medium,688,16:15:39,21:43:49,127
50,372,64,22,04:41:12,07:33:31,80,High,670,17:46:38,19:35:32,95
55,449,71,22,03:55:12,14:43:16,296,Low,160,08:37:49,14:49:45,115
52,447,20,33,11:36:09,00:46:45,128,High,7,17:24:25,02:28:46,120
52,415,44,31,23:08:51,19:53:15,78,Medium,752,23:13:13,04:58:55,235
92,369,51,33,06:01:53,08:32:59,76,Low,106,13:24:35,21:34:53,93
85,418,43,31,23:59:22,16:28:12,229,Medium,82,03:46:14,06:05:25,152
73,357,20,28,06:39:38,20:57:20,263,Low,2,17:13:57,21:00:18,170
54,353,47,29,20:22:28,04:09:05,114,Medium,432,00:41:19,06:35:11,232
74,375,77,33,13:25:50,23:50:56,55,High,503,09:09:58,19:22:24,249
73,396,16,28,04:54:30,12:00:19,105,Medium,637,23:33:27,17:40:18,208
58,436,17,29,17:19:43,14:45:07,64,Medium,296,07:00:32,21:03:00,245
71,422,41,22,22:16:44,09:08:48,75,Low,710,03:06:08,08:58:14,213
69,424,94,27,01:24:12,08:02:10,157,Medium,169,15:04:33,21:07:14,243
80,392,70,30,06:27:41,11:09:24,107,High,831,22:42:49,14:49:38,200
81,384,71,24,22:05:02,16:48:24,178,High,571,18:12:23,21:17:15,93
52,387,42,23,02:17:10,10:53:35,113,High,583,10:51:50,01:35:19,148
68,448,63,24,21:19:04,06:52:25,285,Low,209,16:36:12,15:02:55,189
81,354,10,23,18:21:58,13:38:55,276,Low,74,19:32:41,22:01:34,139
75,436,67,23,18:46:15,07:00:55,191,Medium,464,07:55:28,04:01:50,126
92,407,92,26,23:40:03,21:03:29,138,Medium,615,07:18:05,23:19:33,178
82,393,65,33,14:24:43,11:55:34,145,Medium,95,11:59:38,01:53:55,238
58,422,88,27,22:34:54,12:51:30,152,Low,950,15:40:20,22:19:49,85
53,398,75,22,13:48:18,05:42:22,231,Low,980,21:41:09,19:24:52,210
82,437,20,21,05:35:06,03:51:15,162,Medium,545,09:51:28,13:59:46,202
51,440,91,30,18:48:24,06:21:28,264,Low,950,15:00:16,11:42:42,243
79,392,15,25,15:46:53,10:55:32,286,Low,179,20:45:18,06:11:47,238
97,377,58,32,07:50:07,06:11:06,133,High,25,20:20:16,04:01:53,209
78,409,22,29,17:27:15,22:38:41,190,High,39,13:39:20,15:54:29,168
69,441,11,31,19:18:41,15:25:39,73,Medium,587,20:40:39,14:42:37,114
82,371,47,24,16:44:12,08:40:33,100,Medium,61,12:48:18,12:50:41,172
72,412,36,30,06:26:09,12:12:54,153,High,958,06:16:00,23:50:29,210
77,413,53,23,01:35:24,22:35:24,101,Low,141,04:56:05,04:56:58,232
97,423,61,34,05:23:17,23:43:16,269,Medium,304,01:58:31,20:38:10,214
69,363,13,29,22:05:28,01:12:30,89,Medium,822,15:53:04,13:22:52,113
98,421,21,24,22:16:45,17:27:59,163,Medium,218,04:30:11,15:49:20,181
95,440,60,24,23:10:25,14:30:39,201,Low,242,02:29:47,22:54:03,136
59,367,40,22,18:33:27,14:32:19,222,High,642,05:14:14,00:53:46,81
53,373,75,30,02:10:37,09:11:36,145,Medium,276,15:19:12,13:18:58,114
55,447,68,23,13:50:25,08:22:07,267,High,217,11:41:45,04:35:30,99
50,368,86,28,15:20:53,15:13:26,192,High,254,01:28:02,12:17:43,223
54,435,72,23,23:38:29,12:54:20,159,Low,490,08:10:10,22:29:20,123
84,399,48,29,07:50:19,12:30:36,66,Low,966,21:41:57,14:29:54,128
53,374,70,32,15:31:21,15:57:42,166,Low,832,13:08:19,08:03:04,243
65,437,34,31,06:08:44,21:04:12,255,Low,284,20:09:21,08:44:09,144
92,394,37,31,00:28:07,10:24:50,203,Low,363,08:04:39,15:29:12,81
51,401,81,22,23:53:03,02:46:38,258,Low,464,10:00:52,03:20:44,128
90,385,50,21,02:58:02,06:37:31,173,Medium,978,09:00:57,20:39:44,100
64,409,81,30,21:44:39,02:44:38,79,High,172,21:38:59,14:19:19,97
55,366,84,25,06:26:00,04:54:49,53,Low,357,13:04:48,12:54:58,93
84,389,87,26,15:37:06,21:07:16,125,Medium,729,21:25:52,04:53:53,180
81,446,92,20,11:22:40,19:26:32,224,High,963,05:31:47,05:29:25,112
93,375,48,23,10:41:52,13:16:41,247,Low,155,10:09:46,04:12:28,141
86,415,38,20,00:49:35,11:47:45,123,Low,227,06:54:33,04:24:12,226
90,382,62,33,04:40:58,15:07:22,173,Medium,225,11:50:43,23:30:19,152
64,427,43,23,16:34:47,09:48:58,155,High,20,15:37:02,22:07:59,235
58,363,64,28,04:47:31,17:19:15,152,Low,604,01:51:04,08:20:50,164
87,446,73,20,02:51:46,16:15:18,107,High,670,10:57:24,19:14:25,147
90,395,71,30,02:51:13,23:55:07,84,Medium,602,02:34:21,21:41:10,207
99,373,43,24,15:30:30,05:37:52,99,Low,71,04:21:54,04:40:10,92
70,357,25,33,16:59:23,08:35:25,63,High,69,10:31:34,18:33:37,95
68,366,48,33,19:22:17,11:59:11,99,Medium,210,12:52:07,22:52:00,190
88,401,22,24,17:53:13,22:16:14,52,Medium,290,19:41:33,02:02:27,162
67,383,90,33,17:14:14,08:38:41,206,Low,786,03:17:50,13:51:29,214
96,432,41,34,05:26:14,15:11:31,129,High,159,03:19:57,21:04:48,235
92,393,23,32,17:35:54,06:17:14,293,Low,44,08:15:25,14:37:13,146
71,374,12,32,07:14:02,05:57:43,98,Low,393,05:24:03,13:56:58,181
87,411,68,23,14:12:40,10:51:34,136,High,416,08:58:44,16:07:07,165
87,420,67,28,01:23:39,01:37:55,139,High,450,08:37:52,18:31:30,246
55,366,40,21,19:48:12,21:56:04,52,High,826,18:13:20,08:10:44,221
95,366,16,21,00:33:14,17:15:07,259,Medium,98,14:02:36,12:26:55,234
75,353,46,34,11:13:56,19:21:30,57,Medium,703,20:49:45,18:25:52,123
91,423,38,24,01:17:53,10:09:55,285,High,337,15:13:08,18:36:47,211
66,416,70,31,06:28:54,11:52:27,273,Medium,309,14:06:13,08:27:31,125
94,397,64,32,05:13:07,05:58:19,183,Low,932,05:20:14,19:53:02,115
69,434,42,32,21:01:16,04:22:08,185,High,248,19:07:33,18:31:04,240
50,430,29,34,04:13:24,15:53:45,213,Low,642,07:00:31,07:13:55,83
95,408,98,23,23:29:28,21:07:58,146,High,275,16:50:04,02:23:12,244
54,436,50,20,19:20:52,19:50:13,211,Low,507,21:19:15,10:28:07,105
65,370,71,26,21:34:36,06:36:49,61,High,786,06:06:49,18:41:30,219
97,361,22,21,15:49:57,01:10:53,63,Low,881,17:01:46,17:57:17,126
97,376,53,20,16:42:16,07:32:30,164,High,838,13:30:49,06:47:37,139
78,355,12,25,15:57:54,21:43:33,187,High,582,08:13:04,15:15:54,116
81,403,55,31,01:03:20,17:06:57,271,Medium,248,10:39:04,23:59:32,179
72,443,96,28,06:33:29,16:53:22,76,Low,661,10:04:48,23:50:02,139
64,353,44,24,05:16:38,13:55:06,255,Medium,709,21:31:35,05:03:35,191
66,362,13,29,04:04:19,21:24:02,102,Low,10,14:18:21,03:41:08,82
83,395,12,23,15:50:40,05:19:33,148,Medium,439,01:55:16,07:50:16,90
87,443,44,20,04:39:08,16:43:43,129,High,843,11:24:55,16:32:19,96
89,381,24,31,04:41:56,16:58:09,150,Medium,489,16:09:27,13:21:51,151
89,400,12,29,01:08:42,02:19:17,87,Medium,311,17:50:17,10:02:23,218
54,354,78,31,03:21:21,12:43:26,175,High,871,12:31:13,07:21:24,230
74,364,51,20,21:33:54,16:35:22,250,Medium,155,23:15:49,09:48:28,121
52,448,36,32,05:58:45,09:10:37,160,High,206,17:15:16,07:53:00,177
77,446,91,29,00:17:06,05:58:40,172,Low,687,06:11:33,19:20:38,210
72,350,20,28,00:32:00,14:33:35,262,Medium,352,09:04:20,23:08:59,129
94,445,96,29,23:03:03,04:16:39,226,High,713,02:18:44,11:53:25,149
67,413,38,32,17:26:42,07:53:11,172,High,157,11:34:05,08:19:55,169
55,436,89,28,00:27:41,20:39:18,114,Medium,252,13:03:44,02:35:41,102
57,395,64,28,08:54:35,02:17:52,271,Low,156,18:17:28,03:53:08,84
88,401,84,34,05:15:33,18:18:46,194,Medium,952,02:51:37,21:00:04,105
80,398,98,31,22:49:41,05:15:07,105,High,405,15:19:23,08:36:37,186
55,416,35,26,23:55:48,15:17:51,117,Low,337,02:43:50,18:07:41,92
54,363,96,30,12:55:17,15:42:38,250,Medium,14,18:55:03,10:31:12,112
85,352,45,25,21:12:48,16:48:11,61,High,153,00:01:12,19:35:42,137
53,380,44,23,04:42:38,12:09:06,298,Medium,421,12:29:33,11:36:29,93
91,420,40,28,09:16:14,13:54:00,82,Low,68,18:53:23,09:30:24,112
85,370,58,33,17:22:53,16:35:20,249,Low,510,15:43:32,23:38:20,234
54,417,23,33,18:29:57,04:51:23,148,Low,455,08:48:09,08:08:41,83
54,446,59,25,01:57:03,22:24:06,173,Low,767,17:18:06,09:01:03,191
99,359,58,27,02:06:55,09:16:28,270,Low,659,18:23:14,07:31:13,145
68,417,78,23,17:41:06,06:32:06,153,Medium,445,08:41:22,16:12:20,194
68,394,85,34,07:05:21,23:10:08,184,Low,224,19:51:03,23:49:17,180
90,436,49,34,00:03:45,11:34:03,62,Low,726,05:03:04,12:39:25,117
97,367,37,29,16:51:49,03:27:56,50,High,707,08:43:22,11:56:54,224
99,419,33,32,10:28:20,12:22:18,111,Low,153,07:52:36,23:52:32,163
87,433,27,30,13:08:58,09:36:38,220,High,914,10:54:10,19:30:17,219
68,444,15,28,14:11:41,23:15:32,80,High,64,12:13:59,02:11:50,149
54,418,40,20,18:55:50,11:33:06,78,High,55,07:24:17,12:30:09,247
88,399,34,26,05:19:23,10:30:28,152,Medium,187,18:43:43,14:51:33,210
77,411,96,30,05:07:00,12:30:01,211,Medium,909,17:09:06,18:02:45,244
71,436,60,30,21:48:48,06:14:56,228,High,519,17:43:13,06:07:31,167
95,407,41,25,23:46:06,10:33:38,94,Medium,787,14:15:01,10:28:21,160
55,353,62,34,18:21:56,03:10:28,69,Low,227,17:30:43,19:05:42,208
74,443,22,22,22:59:34,01:15:38,285,Medium,490,15:12:19,16:28:41,229
50,418,49,27,21:10:19,12:36:16,115,Low,358,16:49:34,23:16:30,243
73,417,66,30,18:40:41,20:43:59,263,Low,827,22:41:32,20:33:37,135
52,371,54,30,01:00:30,18:06:37,265,Medium,22,05:34:50,04:03:01,215
55,415,46,29,15:17:54,07:12:36,243,Medium,243,03:19:54,11:34:05,115
55,389,99,24,16:37:13,01:40:10,92,High,152,02:07:39,23:45:07,172
82,415,89,22,22:24:14,23:05:25,255,Medium,859,06:01:20,20:52:57,110
87,360,66,29,13:55:21,06:56:38,242,Medium,467,05:27:47,13:34:47,139
79,415,61,28,02:55:54,18:05:42,199,Medium,404,09:35:31,14:06:14,238
98,449,65,22,18:56:43,10:38:01,134,Low,449,12:41:52,12:05:46,104
68,354,28,30,01:34:49,18:03:57,115,Low,971,13:08:10,16:03:21,187
64,447,45,26,00:51:20,05:48:56,80,Low,850,22:49:10,21:26:45,180
93,390,13,30,05:36:00,04:27:29,177,High,706,16:01:02,14:59:43,100
61,437,52,32,18:00:26,06:08:24,196,High,290,10:49:58,18:21:27,135
98,428,58,22,20:52:15,00:00:50,139,High,165,02:57:14,09:37:59,175
50,406,30,20,11:58:53,05:17:09,168,Low,921,10:10:30,08:33:35,111
98,423,96,31,07:25:15,10:32:00,140,Medium,423,19:27:24,08:14:44,216
52,437,91,29,00:35:09,12:36:19,210,High,278,10:18:27,19:07:57,245
94,390,74,30,10:16:56,00:51:02,275,High,470,00:58:04,18:18:56,116
76,382,58,32,22:06:43,17:40:13,90,Low,917,09:41:45,15:10:41,111
99,416,88,32,20:06:43,16:54:45,145,High,387,01:35:01,07:32:09,157
53,430,21,34,14:33:45,03:36:25,85,Medium,562,17:12:50,17:34:42,207
77,426,81,28,12:03:13,20:16:21,206,Low,802,04:19:01,17:02:39,127
98,429,21,27,13:15:06,01:54:21,232,Low,427,10:29:31,13:05:46,83
76,393,81,26,18:01:09,04:03:35,282,Medium,233,17:37:54,13:06:09,172
81,431,34,22,17:16:36,05:51:20,119,Medium,994,09:21:54,14:30:28,242
84,362,88,28,11:05:21,12:53:36,287,Medium,956,16:21:42,09:53:16,146
72,404,94,24,08:19:00,22:24:25,65,High,843,18:16:23,18:28:48,151
81,350,23,33,21:46:52,22:38:19,200,Medium,688,03:31:57,11:14:25,244
79,382,51,28,05:18:17,00:13:55,64,Low,294,23:57:45,11:24:40,198
95,386,98,28,05:44:32,03:16:20,273,Medium,913,19:35:27,04:03:43,202
52,389,53,25,22:22:25,13:15:45,182,Low,275,13:57:35,15:40:56,175
64,419,87,20,12:06:14,15:55:19,217,Low,800,05:08:20,02:52:02,245
97,388,62,20,11:26:25,07:23:02,257,High,918,11:57:29,17:16:59,197
94,394,43,26,00:14:35,18:32:01,87,Medium,603,07:55:03,09:01:23,232
72,373,35,21,12:54:26,14:21:59,59,High,803,04:05:04,10:23:34,198
81,387,28,29,04:01:54,09:17:21,269,Medium,791,18:26:07,22:31:22,204
63,372,78,33,00:15:22,13:48:26,128,Medium,193,08:14:35,01:40:18,129
59,357,44,33,05:54:15,12:32:04,82,Medium,667,08:06:31,01:59:50,131
73,410,56,29,13:28:25,12:26:56,167,Medium,93,07:46:50,01:14:55,213
67,416,54,23,02:14:02,13:23:02,199,Medium,507,14:36:18,20:34:04,130
79,411,61,32,22:28:33,14:50:48,57,Low,162,06:05:58,10:26:23,175
53,396,87,33,00:40:40,02:47:13,118,Low,416,18:56:27,06:05:45,122
98,387,98,22,22:06:02,11:27:43,58,Medium,832,16:41:18,00:57:48,218
99,436,46,31,17:42:06,10:16:39,155,Low,987,10:14:09,16:45:41,98
84,401,84,24,08:00:13,16:20:56,273,High,317,10:22:02,07:39:45,221
76,397,78,32,19:31:05,22:19:10,295,High,531,02:17:24,06:05:03,182
65,352,61,34,06:09:06,01:09:09,209,High,511,10:19:57,00:14:30,111
90,384,96,20,01:29:35,10:59:05,90,Medium,954,21:49:56,14:32:51,172
84,388,28,33,20:59:16,03:23:11,276,Medium,478,14:38:09,02:54:04,128
58,389,19,29,00:09:50,10:54:22,179,Low,699,20:54:51,04:35:16,134
95,408,86,34,14:41:50,12:36:05,88,Low,921,09:12:46,20:51:13,139
91,403,49,26,11:55:15,00:05:49,280,Low,373,22:49:22,07:33:39,90
97,410,86,32,08:31:14,21:40:23,239,High,902,03:51:48,00:28:35,247
86,426,90,20,16:45:58,14:25:07,232,High,917,02:20:52,18:36:28,85
80,431,15,25,17:57:01,18:23:47,227,High,930,01:03:00,04:52:31,192
70,421,89,21,03:49:06,05:05:53,100,High,270,14:56:32,19:23:18,143
96,445,50,34,12:14:24,02:41:00,102,Low,400,05:06:18,11:51:00,189
93,351,55,32,22:59:21,13:35:57,222,Medium,870,11:00:38,06:16:33,140
52,369,66,32,00:10:09,11:37:10,104,Medium,359,18:44:25,10:06:16,194
51,350,93,34,04:47:42,11:41:49,159,High,600,11:11:21,02:28:21,203
68,414,11,21,20:37:40,06:06:10,245,Medium,118,12:27:13,05:53:42,197
90,439,52,25,12:23:39,03:51:30,245,Medium,56,21:29:43,17:49:53,99
99,374,71,21,13:55:32,00:12:17,163,Medium,411,19:43:26,09:04:29,191
57,442,75,23,16:23:36,08:57:55,248,High,578,05:58:41,22:54:20,127
79,356,72,23,01:31:56,23:08:30,259,Low,392,19:55:40,23:25:53,84
69,443,22,27,23:08:03,22:40:09,213,Low,577,01:38:40,14:20:19,150
98,385,36,24,16:16:52,01:37:14,107,Medium,515,11:36:00,22:03:20,153
92,360,42,21,17:47:29,02:42:30,118,Low,685,21:14:31,20:00:14,159
91,398,82,22,07:57:10,05:02:55,128,Low,649,07:32:17,16:50:13,199
73,375,35,22,20:20:17,10:14:44,79,High,424,12:28:31,18:49:59,132
70,378,28,34,22:28:23,19:27:09,118,High,424,00:04:17,01:05:44,133
63,380,96,31,09:44:16,05:46:56,102,Medium,140,15:57:09,16:05:52,90
52,430,10,34,17:41:47,17:49:06,163,Medium,513,03:32:22,21:04:06,196
93,403,99,26,19:36:44,14:17:17,277,Medium,587,07:04:33,00:12:50,176
90,381,70,24,17:16:08,19:40:23,76,High,476,23:16:30,21:00:12,139
99,411,84,31,13:48:28,01:39:19,230,Low,325,06:16:27,10:26:06,199
99,421,36,24,03:17:58,01:42:25,221,High,721,05:21:14,19:02:57,171
77,377,11,24,19:55:55,06:37:29,73,High,74,04:14:49,00:39:16,159
88,391,76,23,14:42:43,09:04:10,280,Low,914,17:24:52,12:13:36,166
97,362,85,21,08:12:14,00:33:55,192,Low,20,20:54:37,23:53:22,188
92,368,76,23,14:27:36,00:18:01,140,Medium,962,01:26:48,23:28:37,192
62,418,22,25,22:18:25,20:19:22,239,Low,462,20:03:43,21:26:37,129
72,368,77,30,19:25:24,20:23:03,114,Low,412,18:01:25,20:39:44,103
56,402,79,20,13:27:48,11:21:19,223,Low,256,01:13:14,17:22:30,106
97,420,69,23,17:31:52,17:00:29,59,Low,10,19:33:35,03:16:36,188
80,360,78,32,02:01:32,00:23:13,259,Medium,274,18:08:06,02:35:54,228
61,406,86,22,09:18:16,03:04:10,162,Medium,109,12:26:43,04:45:14,149
83,375,65,25,11:32:11,23:59:30,209,Low,659,02:12:14,19:48:05,108
80,446,17,32,16:55:02,22:12:15,105,Low,319,13:55:08,09:53:31,208
67,398,53,22,10:48:54,23:12:23,219,Medium,767,12:22:53,22:47:16,221
55,430,16,21,02:07:51,21:25:01,243,Medium,206,03:52:39,13:19:43,229
83,405,46,27,03:52:53,15:37:45,168,Low,900,02:33:18,08:14:43,183
76,354,46,24,06:45:45,00:48:10,204,High,522,22:39:48,13:57:21,226
88,413,15,28,03:15:23,18:34:42,164,Medium,114,12:06:40,17:51:05,82
76,445,41,32,21:00:48,04:16:57,273,Medium,400,11:13:45,03:57:22,98
92,410,19,22,09:53:15,21:38:41,174,Medium,206,14:02:14,11:44:18,95
77,431,82,28,15:57:07,10:02:51,260,Low,199,18:23:51,21:44:30,201
78,438,95,27,06:27:05,09:58:41,250,Low,506,13:07:04,11:51:02,91
93,372,16,22,15:19:15,13:11:46,152,Medium,671,18:03:13,02:13:17,164
70,371,95,29,06:40:13,09:29:31,107,Low,911,15:19:23,18:59:09,160
56,411,57,24,10:25:25,09:31:25,151,Low,502,05:54:56,16:14:18,132
51,391,36,27,13:06:32,18:00:55,256,Medium,965,05:34:14,08:03:14,227
87,433,16,21,12:19:02,09:01:16,106,Low,941,02:10:02,18:47:07,108
81,440,55,26,19:03:25,23:38:06,181,High,865,09:49:32,16:52:00,139
85,385,81,24,10:01:13,19:26:08,251,Low,499,15:15:58,06:52:30,211
60,373,73,32,11:29:48,21:33:45,138,Low,140,09:32:35,17:11:47,85
56,428,14,20,11:25:43,16:00:08,210,Medium,217,02:04:11,00:58:46,194
50,377,16,26,00:12:13,19:52:18,111,Medium,647,11:12:23,06:27:48,218
67,432,46,26,23:33:43,03:59:39,77,High,421,11:56:31,02:42:05,238
79,392,36,30,20:27:47,12:03:08,248,Low,146,15:31:44,05:14:06,228
69,416,30,28,03:39:01,08:21:17,74,High,478,04:55:35,10:29:26,134
71,359,35,30,09:08:22,11:41:42,117,High,17,20:46:11,16:54:17,179
95,412,82,31,14:12:22,06:08:05,263,Medium,733,18:20:59,21:55:52,93
67,395,93,32,16:47:59,18:47:46,136,Low,73,18:20:42,18:26:39,123
75,408,46,24,01:19:19,06:15:04,293,Medium,629,20:05:08,23:51:07,96
89,366,91,28,13:02:54,15:00:50,294,High,793,00:11:57,20:28:42,133
69,423,38,32,11:39:01,04:38:18,117,High,132,13:05:00,20:02:30,228
81,436,52,34,03:13:15,21:36:16,60,Medium,518,21:33:55,22:26:45,139
93,371,30,33,18:33:43,21:07:32,226,Medium,779,10:02:41,08:56:32,175
97,359,67,25,13:05:12,01:29:46,162,Medium,260,05:05:19,00:25:27,153
57,352,98,22,03:21:17,19:59:17,75,Medium,162,20:01:25,11:42:30,158
96,414,64,27,11:51:58,10:56:09,226,Medium,336,23:31:09,20:00:19,244
74,410,42,31,21:29:52,23:55:03,57,High,554,22:57:05,11:16:14,130
62,404,68,27,18:39:06,04:03:12,267,Medium,575,22:27:48,01:49:15,186
72,373,21,27,15:18:05,12:17:58,84,Low,130,13:36:54,03:07:33,151
99,389,89,32,19:26:52,23:01:47,81,High,457,16:33:40,13:24:14,90
74,409,55,25,10:36:47,00:57:18,93,High,268,11:50:21,08:01:16,163
66,399,50,32,06:58:04,08:27:34,290,Low,842,06:40:20,09:08:30,218
81,448,62,26,10:14:02,06:09:00,223,Low,313,15:19:42,01:23:18,96
62,363,66,24,04:22:52,09:20:08,250,High,838,11:46:49,16:42:48,91
53,419,16,26,04:08:14,14:14:34,149,Medium,428,18:47:31,09:49:54,106
56,390,71,31,02:28:05,04:40:57,134,High,726,14:04:10,05:47:27,209
56,392,31,21,16:25:20,21:40:22,108,High,510,14:28:49,17:51:49,203
57,421,74,22,07:20:56,06:55:22,170,Low,621,12:03:48,00:59:02,176
56,419,84,34,10:37:07,11:24:26,187,High,395,03:47:22,14:51:09,159
82,449,82,22,09:23:34,08:05:54,207,Medium,768,14:45:43,20:36:14,231
59,362,59,28,22:13:54,01:08:59,114,Low,425,02:31:09,22:13:14,210
67,360,56,28,13:09:11,16:32:50,287,High,457,07:37:21,09:55:08,218
94,422,22,27,05:43:54,05:36:30,92,High,517,13:16:20,11:38:04,218
73,407,79,29,13:33:40,01:40:28,291,Medium,831,18:47:14,23:41:56,189
83,377,34,23,09:57:16,13:35:35,53,High,659,14:00:23,07:21:51,157
58,357,54,28,16:02:30,20:14:07,170,High,349,22:54:11,15:11:08,226
59,358,35,25,18:00:11,03:47:20,133,High,670,09:45:41,09:47:09,237
52,439,22,29,06:03:41,03:15:21,162,High,642,09:51:30,08:25:34,84
58,369,66,22,12:33:41,11:15:50,192,Medium,931,10:53:15,18:42:37,88
63,382,14,28,20:21:56,07:37:41,158,High,841,08:46:13,05:14:28,242
58,372,77,22,03:17:04,04:28:17,153,High,647,18:30:08,14:44:53,127
54,385,38,24,18:01:11,09:41:38,233,High,341,03:52:38,04:13:52,228
56,356,10,23,16:09:33,17:00:38,221,Low,779,21:25:07,01:22:43,146
73,401,56,22,05:07:50,20:00:14,258,Medium,575,23:07:18,19:45:18,100
60,356,14,32,10:56:11,03:59:19,112,Low,985,14:47:29,23:19:46,93
68,430,34,24,08:01:07,09:22:40,202,Low,247,21:54:08,19:23:16,106
75,373,73,33,10:59:52,01:59:45,196,Medium,79,11:47:03,13:54:30,122
84,404,15,34,03:09:20,15:32:33,142,Low,69,04:07:00,17:58:27,163
51,438,85,28,19:47:07,06:09:53,171,Low,640,05:46:35,21:55:58,199
89,415,10,22,03:28:41,19:00:12,128,Low,939,20:10:04,04:53:43,247
81,403,32,25,11:13:47,00:04:15,85,Medium,1,17:23:46,09:07:37,155
54,382,76,31,21:49:20,14:48:27,103,High,725,17:19:27,14:11:56,168
93,383,38,25,21:20:43,22:47:44,76,Medium,657,12:04:29,05:43:14,168
96,416,19,21,17:29:38,10:16:48,220,Medium,732,00:21:17,11:40:50,171
53,449,42,28,19:23:22,01:12:13,215,Medium,355,13:04:30,20:33:59,168
63,416,34,32,06:08:00,10:27:41,287,Low,820,05:26:55,12:12:07,81
90,405,85,31,05:37:53,02:58:30,232,High,44,15:53:52,12:35:05,80
87,423,38,22,11:21:43,16:46:08,63,Medium,755,11:19:17,05:31:20,96
59,396,81,30,09:54:57,09:07:20,271,Medium,267,01:54:52,11:43:48,97
60,356,90,23,05:16:50,12:58:49,265,High,476,22:44:26,06:25:14,199
68,406,49,23,17:37:23,04:05:29,160,High,822,16:16:47,23:48:41,114
74,445,91,33,18:09:55,16:10:19,196,High,271,20:49:39,22:51:37,232
80,367,43,23,07:20:55,15:08:01,294,Low,185,02:16:49,08:14:47,237
68,419,96,23,05:20:56,04:00:03,183,High,681,22:05:27,20:39:15,245
73,370,18,20,06:23:32,03:53:57,276,Low,533,07:54:57,04:17:19,239
87,403,71,33,17:55:27,02:08:21,70,Medium,514,12:07:18,13:01:54,126
51,359,54,31,19:31:11,22:11:09,97,Low,256,05:28:22,22:29:02,166
62,395,44,29,15:41:26,01:42:09,160,High,34,14:31:09,13:38:46,109
85,425,66,31,09:45:56,21:05:49,196,Low,410,16:00:38,16:00:40,217
94,384,73,22,19:41:31,01:29:01,254,High,106,12:02:50,21:28:13,231
75,416,10,26,09:25:24,09:15:11,297,Low,905,14:36:30,15:27:20,224
76,429,25,25,10:22:33,00:52:07,147,Medium,41,10:21:17,12:31:05,153
55,442,74,21,19:39:22,15:49:12,61,Low,431,02:05:02,21:00:20,208
72,373,69,27,06:39:32,14:52:43,250,Medium,52,04:08:27,03:02:48,96
76,389,96,33,20:01:17,07:09:45,201,High,95,18:27:26,01:18:19,86
62,365,78,20,14:32:36,04:49:18,99,Medium,658,12:37:42,22:53:58,208
63,449,95,24,01:19:34,14:37:58,173,High,647,20:20:26,07:24:14,152
68,442,73,23,18:49:53,10:52:42,235,High,33,13:05:37,05:22:51,249
51,403,36,23,17:45:23,19:19:20,242,Medium,1,16:10:46,01:56:56,96
66,434,19,33,07:29:43,17:56:49,174,Medium,78,08:52:16,14:51:43,225
60,402,80,27,20:09:22,09:33:25,126,Low,762,23:38:06,02:09:13,161
66,412,67,26,19:48:10,08:45:50,293,Low,584,20:00:24,21:13:34,220
55,358,14,31,01:57:25,09:54:03,215,Medium,38,07:04:29,00:51:00,218
94,425,42,22,03:32:46,05:13:03,152,Medium,488,18:07:48,01:18:23,235
79,362,96,27,12:39:24,14:47:38,120,Medium,712,18:43:58,09:03:35,130
83,432,55,26,03:41:18,16:18:50,232,Medium,868,22:29:14,12:57:31,241
89,428,48,28,17:36:29,16:05:28,110,High,934,03:54:43,08:38:15,105
74,420,51,34,18:57:22,10:15:29,92,Medium,327,12:13:36,17:02:51,93
54,353,28,31,21:15:00,07:10:06,182,Medium,135,21:47:29,19:09:55,153
76,380,43,25,11:23:33,23:21:24,122,Medium,236,06:46:12,21:47:02,220
79,376,43,32,20:56:07,18:30:25,207,Medium,776,15:43:06,10:24:41,160
87,386,14,22,17:56:47,09:40:35,79,High,971,15:54:54,15:07:08,220
71,358,79,20,04:25:29,22:46:12,213,Low,466,12:54:34,14:31:52,204
56,443,47,23,21:12:18,01:01:15,120,Low,305,14:27:34,02:03:29,115
64,405,83,25,02:25:39,08:27:12,50,Low,429,06:49:45,12:43:20,241
68,380,86,27,11:01:10,02:40:12,81,Low,304,17:50:45,08:56:45,90
82,389,29,29,11:27:17,20:31:53,283,Low,256,19:31:37,18:38:47,232
78,394,69,33,12:36:21,01:07:58,266,High,593,07:31:25,21:19:36,131
67,410,52,27,11:01:36,08:47:01,108,Low,15,06:19:17,09:17:42,165
99,401,89,27,06:25:25,05:31:53,244,High,259,17:14:51,06:45:19,151
80,441,29,20,23:11:15,07:57:27,202,High,661,21:50:21,17:10:21,109
61,399,71,20,22:39:59,04:40:00,292,Low,32,20:20:01,11:17:57,140
55,449,64,28,08:31:14,08:09:54,143,Low,83,07:52:42,01:22:00,112
57,435,36,26,04:12:04,03:34:09,220,Low,293,17:22:12,22:09:52,114
62,370,22,32,10:09:51,14:10:13,65,Medium,877,08:08:48,00:37:38,111
58,443,68,22,12:40:52,05:11:44,149,High,764,06:40:53,16:08:30,163
59,361,76,20,13:49:14,16:15:34,290,Low,22,00:01:03,06:16:34,215
64,431,38,26,09:55:06,01:10:40,184,Medium,501,13:31:35,15:36:51,176
58,388,68,23,07:27:31,02:28:17,121,High,274,01:39:49,17:32:03,231
94,437,45,20,02:14:47,19:46:13,80,Medium,648,18:13:19,22:10:51,188
54,436,74,30,03:20:05,01:48:53,225,Medium,721,09:48:07,08:29:07,197
76,430,27,21,00:03:10,07:41:57,211,Low,862,13:20:22,07:04:11,193
70,429,90,29,11:25:36,17:29:24,143,High,475,07:30:36,00:14:24,156
99,380,35,24,22:28:20,18:07:27,287,Medium,994,15:39:41,17:37:41,197
55,358,43,22,15:44:44,07:30:02,55,High,979,07:40:17,13:52:25,91
69,390,15,25,16:26:38,02:43:21,125,Low,882,02:48:51,07:58:02,226
98,367,20,32,07:12:22,16:35:16,280,High,574,14:52:26,21:21:25,212
93,419,56,25,15:29:03,13:50:08,130,Medium,398,16:39:01,18:43:43,121
90,384,34,31,07:15:30,20:11:36,113,Medium,364,16:49:30,14:59:38,210
62,447,85,21,20:41:24,10:19:34,183,High,12,04:40:40,03:20:40,82
58,414,11,31,11:11:25,20:46:45,255,Medium,249,01:33:50,21:47:25,116
83,432,44,23,04:47:32,10:51:07,75,Medium,718,22:58:02,12:35:23,91
96,363,40,30,08:11:04,03:26:43,285,Medium,603,16:13:13,08:25:20,212
77,436,11,28,21:51:53,07:37:46,248,Low,916,13:37:34,17:14:14,208
78,442,21,33,23:34:04,11:47:47,95,Low,50,00:47:28,05:42:30,218
63,398,47,25,01:45:33,20:51:19,228,Medium,155,03:32:16,07:28:20,80
88,410,54,20,12:38:41,03:10:12,146,High,789,17:25:07,16:55:56,165
59,426,46,20,12:47:57,08:03:11,150,Low,358,01:58:17,16:23:57,199
66,367,57,32,13:10:41,08:12:47,245,High,118,15:57:09,17:35:30,106
71,400,63,27,05:03:52,05:41:12,290,Medium,996,07:11:21,14:33:01,190
75,389,10,31,00:06:55,06:27:57,81,Medium,787,15:11:10,09:02:29,94
62,364,51,23,08:07:36,18:23:18,155,High,408,19:50:00,07:51:06,110
55,386,96,25,18:09:42,16:12:12,170,Low,823,02:11:29,11:57:18,160
80,356,56,20,14:37:14,20:01:09,144,High,680,08:52:53,14:13:47,191
64,352,70,34,04:28:18,21:12:57,140,High,789,04:00:41,13:02:49,104
79,363,38,30,21:50:09,08:32:13,63,Medium,815,16:03:14,21:05:48,111
57,446,79,33,11:53:03,15:19:14,221,Low,84,18:26:07,22:27:13,114
74,404,79,23,17:15:39,00:16:23,159,High,622,22:14:26,13:19:12,120
76,446,56,29,03:24:22,12:58:46,98,Low,6,06:46:07,02:44:55,118
52,393,97,30,11:33:35,15:15:01,254,Medium,43,22:41:17,01:40:44,147
66,381,21,24,04:02:08,16:31:42,250,Low,903,03:46:42,07:47:23,191
56,400,11,32,20:17:42,07:51:02,171,Medium,527,21:02:14,02:44:03,154
53,393,79,34,02:56:54,11:19:15,124,Low,735,02:46:37,17:01:19,211
99,360,82,33,01:40:13,13:15:58,209,High,838,00:13:47,21:52:14,202
66,414,20,31,03:28:40,20:48:42,122,Medium,949,00:52:48,16:31:41,101
90,371,33,24,12:49:14,16:50:53,109,High,869,07:49:15,00:37:34,88
62,411,11,24,09:15:11,00:29:58,232,Medium,483,05:09:41,18:06:44,229
84,415,36,34,19:04:33,11:14:17,60,Low,335,04:25:27,12:48:00,93
88,365,79,20,09:00:38,22:13:29,73,Low,154,11:19:48,13:28:57,105
79,356,56,30,16:47:58,00:44:14,51,Medium,400,13:45:34,02:45:23,83
73,428,41,30,23:34:45,06:14:51,88,Medium,366,11:51:17,00:47:09,186
70,395,43,29,09:53:38,09:45:37,67,Medium,559,11:01:01,12:35:08,179
67,355,10,34,16:37:22,13:55:56,298,Low,665,16:09:17,13:35:09,247
96,449,36,24,21:03:48,21:43:10,122,Medium,978,21:18:57,07:22:34,230
91,355,68,25,08:03:06,19:53:23,87,Medium,728,20:00:23,22:06:41,149
98,419,97,21,22:01:48,18:01:21,110,High,643,03:24:35,02:01:14,143
56,448,86,26,23:39:54,19:32:07,284,Medium,335,01:18:52,08:46:16,130
86,373,12,23,14:30:46,13:08:33,180,High,34,11:09:30,06:51:17,105
96,364,90,25,07:47:50,22:04:54,141,High,288,12:21:22,14:17:23,103
59,362,80,32,10:33:54,07:15:53,268,High,768,19:22:14,22:11:22,102
53,380,80,34,23:48:59,15:44:51,148,Low,205,02:22:19,20:25:07,99
87,360,51,22,15:56:46,14:00:21,133,High,712,12:39:56,01:01:04,120
78,419,45,25,12:14:26,02:37:53,101,Medium,579,06:55:07,00:53:03,132
92,356,37,33,03:15:29,13:35:17,144,Low,171,17:40:05,05:22:44,243
56,400,15,20,11:29:35,14:40:17,129,Low,261,03:14:36,18:42:44,178
89,449,30,21,02:21:48,02:09:48,219,Low,496,04:38:08,07:38:12,247
60,431,32,22,21:49:56,06:46:00,122,Low,418,06:40:19,00:05:06,143
58,411,53,28,17:54:59,10:48:04,194,Low,778,09:25:03,15:26:14,157
58,380,77,22,16:11:54,06:18:56,66,Low,734,05:23:13,19:33:57,135
90,412,52,34,20:55:03,23:28:14,97,Low,574,08:00:16,22:47:48,111
83,402,15,26,11:30:57,02:46:36,151,High,822,12:23:26,23:14:34,104
76,392,96,27,22:53:52,22:11:29,284,Medium,562,06:08:42,03:43:36,240
67,363,94,23,19:14:22,19:36:02,144,Medium,964,02:57:11,16:30:37,247
93,438,80,27,15:36:20,08:57:40,216,High,217,20:02:14,09:53:49,87
69,394,99,29,14:16:49,06:25:01,113,High,714,20:09:32,09:05:55,105
90,369,59,31,04:12:18,22:22:58,81,Low,369,13:58:51,05:51:14,151
71,386,96,31,12:17:13,20:15:08,64,Low,278,05:01:28,03:56:47,111
68,391,16,28,03:35:19,12:27:26,126,High,180,22:39:32,21:55:39,141
73,432,42,33,19:18:44,18:51:16,89,Low,552,03:58:03,06:50:57,101
65,423,30,32,11:06:56,05:35:00,93,Medium,215,04:59:59,16:52:44,157
87,426,27,31,11:52:03,17:50:08,240,Medium,200,19:40:22,14:25:57,126
75,351,22,20,01:01:04,12:39:54,53,Low,990,12:17:48,01:27:41,139
61,391,66,20,22:09:31,12:14:42,189,Low,801,00:53:14,12:17:29,96
94,398,80,23,09:40:12,11:45:03,144,Low,748,01:47:19,22:10:12,152
69,351,62,29,06:04:57,00:23:35,176,Medium,794,21:36:26,18:23:56,247
77,375,23,26,09:09:37,18:40:09,190,Low,968,21:50:04,23:53:04,135
95,426,83,26,18:20:07,03:19:40,128,High,573,01:38:02,02:18:54,228
81,363,67,33,00:27:48,12:43:10,123,Low,220,16:23:23,12:04:43,223
55,403,44,33,06:13:20,11:17:29,233,High,862,02:44:06,13:37:21,241
96,371,70,33,20:48:08,11:47:36,267,Low,742,23:02:14,08:48:39,214
81,351,33,24,16:04:57,19:24:11,98,Low,414,17:28:09,12:04:28,192
66,374,41,30,19:39:37,20:24:10,74,Medium,473,22:38:08,21:21:48,225
56,447,92,24,10:18:35,08:49:24,274,High,411,04:51:39,02:27:37,92
89,430,36,22,17:32:12,02:51:31,137,High,929,13:03:19,13:46:13,158
81,445,52,22,13:55:32,16:13:00,187,High,343,13:43:33,10:10:08,248
76,398,90,25,10:48:35,16:24:58,139,Medium,963,12:30:32,05:46:43,210
94,360,73,26,11:09:30,07:04:04,81,High,910,19:38:27,05:00:24,243
89,404,15,32,05:56:00,08:34:18,197,Medium,630,08:27:57,15:51:14,212
57,395,23,21,06:57:26,22:08:53,181,Low,579,16:52:22,01:16:02,228
65,434,10,31,20:27:15,17:15:32,100,Low,370,12:54:09,02:36:16,200
62,359,66,27,23:45:22,01:13:45,162,High,18,15:05:47,22:48:51,209
87,398,50,24,19:19:37,00:25:57,249,Low,127,10:57:51,05:00:06,168
51,365,22,27,21:24:27,15:14:25,197,Low,754,02:27:40,14:38:18,237
78,382,96,24,04:55:20,14:43:15,74,High,471,14:59:12,19:53:29,220
88,423,57,28,17:46:05,13:28:23,187,Low,149,09:51:55,10:54:13,223
93,397,31,26,18:32:00,14:54:14,225,High,263,12:16:06,12:19:25,194
67,387,55,22,12:02:41,18:07:33,248,High,947,05:12:59,08:40:47,131
91,389,71,21,20:34:40,01:26:09,207,Low,367,16:14:35,11:09:05,86
55,395,16,28,07:02:24,02:22:48,88,Low,907,14:45:52,17:33:58,239
92,428,34,33,12:37:44,07:27:22,227,Low,304,10:55:30,19:40:18,179
56,439,82,25,22:19:51,03:13:52,219,Low,543,03:34:33,05:01:14,130
69,445,51,30,11:44:33,09:28:00,56,Low,20,19:26:09,16:15:27,105
89,428,59,29,20:55:54,03:31:32,152,Medium,521,12:19:28,20:07:09,221
57,381,48,33,15:22:05,16:25:16,133,Low,636,20:28:22,09:49:09,222
61,418,13,32,18:52:12,06:22:31,217,Medium,234,17:20:47,08:27:23,218
86,393,24,28,16:22:08,19:14:12,104,High,578,10:09:40,18:32:03,189
86,375,50,29,16:01:18,01:59:18,197,Low,647,11:29:50,23:02:41,142
82,434,28,33,18:55:06,23:44:23,278,Low,686,00:17:13,11:17:22,131
84,353,14,25,21:41:41,10:58:21,249,Low,776,21:20:00,19:05:52,81
77,440,85,24,19:08:16,14:09:40,280,High,311,16:42:51,01:41:01,221
62,396,98,20,14:01:35,08:51:27,294,Medium,567,14:35:46,08:26:41,94
67,413,81,32,18:16:04,00:16:30,52,Medium,981,21:21:31,01:39:23,187
59,415,86,32,06:17:52,11:09:36,205,Low,898,13:53:32,16:16:28,165
95,439,31,21,21:58:06,17:46:37,153,Low,952,08:58:38,03:49:11,169
79,413,96,28,16:38:35,06:48:05,264,Low,386,22:42:54,16:08:18,237
70,411,27,26,07:44:03,07:11:52,112,Low,786,01:01:37,13:45:16,85
73,356,95,21,05:24:04,13:43:54,295,High,619,22:50:28,01:39:04,211
97,401,99,34,11:03:23,09:53:19,203,Low,82,19:45:59,06:53:47,88
57,365,74,23,08:03:50,14:30:06,248,High,823,02:38:06,15:16:53,86
79,423,98,21,23:13:04,08:09:09,71,Low,677,03:28:54,06:51:07,153
75,401,61,28,17:41:56,15:38:27,95,Medium,198,04:48:57,07:22:31,90
80,418,33,31,18:11:17,04:54:02,239,Medium,79,03:22:44,10:46:17,214
50,354,49,20,16:29:23,17:42:14,55,Low,837,15:47:30,05:53:11,170
93,358,63,29,10:34:22,20:51:36,254,Low,78,01:49:00,14:27:54,84
96,421,16,27,16:00:14,23:11:03,53,High,91,17:57:39,05:49:55,86
78,357,66,21,08:14:27,14:08:38,214,Low,427,10:55:55,19:08:07,184
84,357,98,22,23:59:34,09:27:22,141,Low,134,14:47:48,13:18:50,217
96,351,27,28,21:26:18,12:39:43,202,Low,913,16:43:09,07:33:56,154
85,445,81,24,12:11:19,21:23:50,224,Medium,470,19:05:07,03:30:37,174
57,423,91,34,00:20:48,00:15:21,135,High,569,12:33:31,02:34:18,215
78,385,94,32,12:00:09,16:56:49,76,Medium,928,18:53:41,10:28:09,183
80,379,96,34,14:58:58,10:17:06,67,High,530,03:43:49,11:45:29,118
71,384,56,23,06:59:21,17:25:07,197,Medium,353,06:19:23,17:23:31,184
86,427,97,34,17:47:45,05:29:38,180,Low,797,23:54:25,08:46:23,186
96,416,78,26,17:58:38,22:31:21,235,Medium,442,03:06:09,02:22:10,204
96,368,24,25,16:28:17,09:42:56,177,Medium,318,14:11:00,09:49:35,185
72,367,52,20,11:07:53,12:08:30,155,High,723,19:49:24,12:28:37,244
55,359,74,20,01:06:35,06:08:12,149,High,801,15:04:18,20:12:56,113
99,416,32,30,17:59:37,02:34:32,56,Medium,791,03:05:25,19:04:19,241
91,426,67,26,08:58:08,20:30:51,133,High,977,16:38:55,13:44:13,171
56,376,69,23,13:07:50,01:31:56,294,High,786,22:38:08,07:47:12,194
96,352,24,29,02:17:04,02:14:55,268,High,769,12:51:13,23:14:50,96
93,358,60,23,13:27:29,05:44:20,132,High,857,15:54:08,00:21:33,144
75,446,79,28,03:38:19,00:31:51,196,High,0,14:36:49,17:50:39,210
79,379,54,25,11:01:42,18:32:27,261,Medium,362,20:19:07,02:54:25,200
69,426,11,32,13:21:30,20:53:33,160,High,737,14:20:56,13:57:40,86
52,412,10,32,22:47:19,14:13:18,54,Low,599,08:18:28,07:48:54,172
66,388,42,27,05:54:03,10:14:05,68,Medium,177,21:05:03,22:55:15,95
90,370,93,25,14:23:24,19:08:36,177,Medium,303,10:28:41,09:20:09,249
50,362,30,25,00:06:56,19:33:37,292,Medium,336,02:00:43,23:37:21,232
66,411,67,32,11:41:04,17:27:54,223,High,567,22:14:46,16:47:46,83
69,427,29,24,11:49:41,18:08:31,67,Low,831,20:45:57,21:45:03,225
76,414,38,23,05:59:11,20:55:58,97,High,932,06:16:55,03:29:01,236
95,403,86,21,06:17:01,05:13:27,242,Medium,750,18:38:59,10:35:20,140
67,354,75,27,09:14:29,23:12:42,260,Medium,842,02:29:34,20:47:20,202
67,446,18,27,11:57:16,11:50:18,204,Medium,470,17:51:53,03:00:25,155
86,429,48,32,03:06:40,20:26:57,211,Medium,389,13:34:27,23:50:01,191
72,379,12,23,18:59:58,18:23:25,57,High,392,06:38:30,08:54:56,137
61,447,53,25,22:38:54,12:27:45,257,Low,616,04:34:49,12:17:47,134
72,410,69,32,01:05:49,23:17:43,247,Low,124,14:51:13,15:56:41,152
57,408,20,32,05:44:57,03:41:28,114,Medium,579,03:26:23,08:10:24,104
58,424,35,25,18:33:43,16:03:43,227,Low,665,07:28:52,03:41:34,221
74,431,45,26,14:13:05,12:58:28,103,Medium,438,12:21:07,05:02:58,139
70,415,92,24,17:36:49,03:09:24,60,Medium,953,14:48:04,08:34:49,148
95,362,99,33,02:02:21,02:46:01,100,Low,608,19:03:10,07:21:07,231
68,383,14,21,21:09:50,16:05:25,94,Medium,219,17:41:48,14:44:06,164
79,442,78,34,02:11:28,07:34:26,134,Low,479,14:05:54,18:39:41,172
81,372,43,30,15:16:06,17:53:00,154,Medium,675,20:15:46,16:00:44,242
50,387,45,27,12:55:01,15:38:02,177,Low,323,07:08:42,12:55:47,230
83,393,77,20,03:09:38,22:03:40,169,Medium,79,01:26:12,08:41:05,108
58,393,92,27,23:16:51,04:50:14,117,Low,583,03:26:08,04:33:10,160
98,411,95,26,05:18:04,07:37:49,57,Medium,947,04:50:21,08:37:39,245
57,444,61,22,09:08:26,18:55:46,201,Medium,485,02:29:20,08:08:07,143
70,374,42,29,12:18:20,06:09:37,148,Medium,906,02:05:27,11:57:39,143
54,362,80,34,23:37:03,13:48:40,124,Low,835,09:36:24,02:12:18,113
99,369,32,28,23:58:34,18:29:04,266,High,147,02:21:23,01:31:48,99
75,438,60,30,02:03:56,22:30:06,236,Medium,708,06:53:29,15:35:17,205
79,414,42,21,04:39:47,18:30:51,264,Medium,435,17:31:30,13:29:01,210
53,378,69,26,21:34:30,06:23:33,173,Low,250,22:39:32,12:26:58,244
87,431,31,21,23:43:24,22:47:44,82,Medium,686,03:23:30,20:51:16,211
60,436,27,29,07:12:03,07:05:37,224,Medium,742,06:45:12,14:56:19,121
94,434,92,34,13:13:12,08:35:26,101,Medium,179,09:22:17,04:06:17,86
60,441,19,29,05:16:35,10:04:56,160,Medium,914,00:35:27,23:10:31,247
59,375,55,21,07:48:34,16:51:06,66,High,751,15:15:17,17:26:25,137
51,425,29,25,16:40:01,14:56:14,256,High,933,07:41:15,04:44:27,133
73,396,13,28,12:51:01,13:12:10,81,Medium,317,22:55:10,17:01:19,234
78,434,13,26,19:27:42,12:25:21,275,Medium,939,05:00:11,03:12:23,179
53,422,25,32,21:46:42,23:28:08,266,Medium,368,05:27:44,15:37:57,116
88,427,88,32,22:02:34,09:03:48,166,High,53,16:00:31,07:47:44,231
72,415,35,29,11:23:04,13:55:17,236,High,762,07:53:39,22:28:57,248
76,367,95,25,19:38:38,10:15:32,204,Low,703,23:42:45,03:01:40,94
72,404,62,23,12:40:56,06:59:09,250,Low,597,23:09:46,17:48:07,226
70,448,49,21,20:44:11,08:58:30,157,Medium,489,06:38:09,14:40:16,146
77,443,62,25,12:55:09,02:53:54,246,Medium,32,03:24:59,22:01:05,169
57,354,56,26,00:56:39,13:57:24,165,High,624,17:58:56,04:48:33,235
59,366,78,30,21:15:44,14:01:23,285,Medium,416,09:18:45,17:41:09,245
93,363,35,29,02:02:55,13:47:06,171,Medium,560,12:14:15,05:58:43,124
97,422,41,21,04:25:10,03:49:23,165,High,429,01:28:03,16:58:12,116
68,431,90,25,06:52:55,04:37:29,246,High,966,20:49:28,19:59:47,93
63,371,95,22,09:41:51,06:14:25,255,High,604,16:09:26,09:26:52,175
82,400,90,22,01:02:07,00:55:03,188,High,749,20:40:14,01:33:30,82
70,434,47,32,10:44:06,00:42:49,94,Low,936,11:30:20,22:06:37,150
51,423,80,20,12:01:05,13:21:10,166,High,591,08:45:44,00:11:44,92
57,404,52,26,08:31:19,09:58:16,292,High,12,05:50:35,11:18:08,148
85,409,54,22,01:49:15,03:55:46,238,Medium,34,19:16:50,09:16:49,86
82,400,28,33,11:06:38,15:20:12,252,Medium,702,02:13:48,07:38:40,221
51,379,63,28,16:44:10,08:10:10,58,Medium,279,12:40:26,09:11:14,115
61,406,26,23,05:22:26,05:00:53,166,Low,579,00:56:16,14:27:03,135
61,418,39,27,13:05:37,05:12:21,211,High,202,15:49:33,03:54:00,227
83,437,86,30,01:21:19,23:30:21,257,High,270,13:53:54,11:56:33,206
50,413,28,34,14:59:48,04:46:26,62,Low,504,16:02:33,14:16:38,117
55,426,16,23,07:36:48,17:51:13,263,High,975,07:24:01,05:43:50,92
89,366,16,33,19:32:21,14:57:04,187,Medium,616,01:25:30,00:59:20,201
58,396,94,34,17:46:04,03:31:33,99,Low,936,08:29:19,13:35:04,146
82,350,55,33,06:17:37,06:41:47,129,High,959,20:28:58,00:00:52,210
61,374,46,29,21:52:36,09:49:16,120,Low,208,05:57:43,05:36:01,155
54,422,82,29,18:30:09,20:59:12,182,Low,311,08:38:43,20:58:58,138
62,449,85,26,14:41:58,00:00:46,62,High,769,04:15:36,04:25:40,156
86,359,39,31,15:43:17,00:37:24,89,Medium,866,11:23:25,18:52:46,207
92,390,72,27,22:32:15,12:58:27,253,High,519,19:08:22,12:11:04,233
91,430,79,30,21:37:34,00:36:40,83,High,993,06:28:30,01:58:03,88
69,370,68,26,01:27:01,16:47:07,108,Medium,11,18:19:22,17:52:09,169
83,405,23,30,12:40:15,16:46:55,163,High,299,10:26:29,12:43:01,85
60,423,88,32,04:54:27,00:11:04,179,High,623,20:43:34,14:45:56,159
64,411,58,22,20:38:44,23:05:24,240,High,469,16:06:21,09:21:39,230
94,368,35,32,19:23:26,00:24:00,161,Low,116,09:22:14,14:12:07,141
50,385,48,28,12:26:25,09:41:02,247,Low,367,01:12:59,20:20:21,238
54,428,13,32,06:41:46,16:18:59,204,Low,25,03:17:55,13:32:44,187
60,405,21,26,20:58:37,10:28:49,78,High,642,22:32:33,07:49:21,238
51,350,78,25,04:22:27,01:08:55,89,Medium,892,01:35:34,08:44:34,208
59,426,10,33,01:52:14,16:59:45,159,Low,884,16:27:13,17:41:04,97
79,353,47,23,15:30:18,03:16:48,149,Medium,699,01:47:10,05:31:07,119
71,424,57,32,08:28:53,11:59:19,235,High,465,12:32:56,23:38:20,147
94,370,14,27,18:38:03,17:02:42,195,Low,512,22:01:33,17:13:14,108
90,445,97,27,02:55:28,17:03:16,147,High,136,20:28:36,09:25:52,164
67,386,30,24,19:10:32,17:36:45,92,Medium,341,03:11:25,11:31:38,160
62,382,37,28,05:57:10,09:14:32,106,Low,187,02:19:09,06:42:31,242
68,364,37,24,00:20:38,15:10:54,193,Low,821,19:17:52,12:14:17,153
79,380,30,20,05:45:01,19:37:23,155,Low,914,20:52:26,06:05:54,213
63,437,10,24,03:10:46,21:15:29,178,Low,536,09:00:05,10:31:39,240
81,449,75,20,17:58:00,01:00:23,92,Medium,727,10:33:38,19:32:39,229
70,386,97,34,02:34:30,23:08:21,215,Low,121,19:52:20,07:50:34,115
77,394,30,34,06:00:24,11:16:24,263,High,608,20:17:20,04:34:46,164
71,422,69,25,10:37:19,14:29:50,114,Low,702,18:03:12,13:20:46,139
64,438,76,30,02:50:01,21:09:57,172,Medium,452,17:51:28,23:16:17,147
97,409,86,25,17:43:09,11:45:30,293,Low,243,23:12:26,01:11:15,141
88,389,48,30,04:08:01,08:58:44,133,Medium,877,18:48:00,03:24:33,220
57,391,37,32,01:59:37,02:52:45,198,Medium,742,05:18:51,13:10:12,156
93,419,39,34,09:49:11,20:09:15,72,High,899,00:39:16,06:09:23,169
74,350,74,26,03:53:20,06:03:26,201,Low,818,20:21:14,00:52:24,247
94,411,83,31,16:46:05,19:54:24,72,Low,990,17:38:47,03:17:05,90
89,385,26,23,15:48:02,10:47:19,289,Low,192,06:31:48,01:02:45,162
71,429,43,34,09:04:45,03:53:53,228,High,86,03:43:44,07:30:47,211
51,359,91,20,20:44:25,22:16:44,247,High,337,03:52:00,18:49:05,105
63,408,82,29,05:43:25,10:29:34,226,Medium,129,00:06:08,13:02:47,183
77,398,98,29,07:04:14,08:37:21,197,Medium,523,00:15:17,00:43:29,120
81,414,77,30,15:00:15,20:42:47,162,Medium,633,21:46:05,13:18:53,227
62,356,45,21,04:02:51,18:26:36,264,High,578,01:08:03,18:08:06,135
56,407,63,34,14:30:12,13:48:34,289,High,259,12:22:53,13:36:49,135
91,406,69,22,23:15:54,03:15:15,174,High,908,10:44:42,08:52:06,181
99,406,17,29,10:20:01,20:25:56,282,Medium,21,18:07:38,08:03:24,111
76,410,59,23,21:26:37,03:18:57,195,High,348,15:34:16,16:11:05,128
58,417,73,24,05:45:24,16:44:25,184,Medium,718,17:59:26,17:39:20,150
63,430,25,28,10:07:07,21:54:57,163,Medium,766,14:59:16,14:02:01,140
50,376,80,26,00:52:06,23:27:00,102,Low,416,10:04:15,23:54:40,169
95,432,62,22,05:20:07,11:35:42,50,Low,16,14:41:45,07:58:03,181
55,399,95,22,18:53:20,04:01:16,110,Low,618,01:47:18,01:45:28,176
78,357,13,26,23:19:07,07:37:20,177,Medium,63,07:46:09,01:33:26,191
63,355,33,31,13:30:49,08:12:10,144,Low,107,04:51:47,21:38:43,132
77,383,64,33,15:08:14,15:15:58,162,Low,650,20:25:21,05:17:35,101
82,428,36,21,09:28:53,01:41:43,295,Low,312,11:22:12,18:26:44,209
91,420,74,25,15:35:19,07:42:41,137,High,348,08:48:19,19:20:22,224
60,428,78,21,12:53:36,12:56:16,163,Medium,486,11:56:36,01:07:18,123
50,401,19,20,21:06:22,06:23:02,83,Low,978,23:43:32,08:25:27,149
56,394,56,29,08:39:28,19:12:18,61,High,965,19:59:47,03:30:15,164
95,364,55,29,15:37:27,06:08:18,243,High,416,11:08:44,18:09:37,170
93,382,43,22,15:37:30,12:53:39,192,High,265,16:16:35,15:09:44,192
79,393,93,23,13:52:32,21:17:22,240,Low,302,13:18:06,08:38:35,87
80,358,84,20,08:56:26,01:49:49,87,High,268,02:32:43,18:57:35,202
83,372,72,32,23:12:25,10:30:32,192,Medium,532,14:10:41,18:59:18,90
58,409,74,34,18:48:42,13:15:10,113,High,606,01:25:03,11:12:24,159
95,423,51,22,07:22:28,00:06:30,107,High,488,16:16:27,03:24:27,220
70,449,92,23,04:41:06,15:45:46,52,High,407,07:22:45,09:52:38,156
69,443,72,33,09:35:40,13:27:52,82,High,211,23:28:03,04:16:17,105
75,414,75,33,13:01:24,10:15:18,127,Medium,482,05:28:18,10:46:20,247
52,392,87,26,08:52:26,16:58:25,79,Low,341,23:35:34,21:38:49,231
58,413,34,20,00:22:09,05:42:48,296,Medium,541,19:05:58,05:49:15,211
86,428,82,20,09:51:24,08:49:16,127,Medium,675,22:38:45,01:50:00,149
54,361,27,28,21:02:05,11:22:53,82,Low,633,11:47:51,10:51:36,111
80,390,41,25,05:52:01,21:04:42,99,High,462,07:54:01,15:22:00,240
62,433,40,20,17:22:01,03:58:35,196,Low,556,12:39:56,18:45:02,170
69,388,98,28,11:21:36,02:57:23,66,Low,284,20:30:51,01:55:36,224
64,407,87,20,19:38:23,22:56:16,265,Medium,24,15:35:47,16:27:17,138
67,408,73,31,15:19:00,06:25:03,290,Low,625,19:37:26,00:14:21,136
85,368,75,24,00:16:58,22:44:11,111,High,252,03:47:22,08:26:54,247
64,386,60,20,00:52:51,00:20:18,162,Medium,668,22:20:12,04:31:59,168
78,383,95,28,12:29:40,20:51:17,55,High,747,04:46:25,12:18:27,103
73,352,54,25,14:02:45,10:51:02,210,Medium,915,07:06:45,23:09:19,117
83,352,44,34,22:10:23,16:43:31,153,High,958,06:21:38,20:13:21,161
96,433,24,28,21:43:44,09:39:14,117,Low,10,22:57:29,20:25:43,87
86,377,80,24,12:00:23,04:03:57,101,Low,990,17:41:17,10:54:06,158
60,401,76,30,09:34:23,20:51:50,213,Low,683,13:09:38,16:17:06,151
51,379,44,24,03:15:39,20:03:14,154,High,643,06:06:04,23:19:37,212
63,444,12,33,15:58:16,16:43:02,94,Medium,15,00:45:17,10:43:57,140
79,375,85,25,18:53:14,09:46:41,222,Medium,861,12:24:39,15:50:54,247
52,392,11,28,15:14:56,23:22:17,191,Medium,145,07:09:31,18:10:15,110
74,437,73,20,01:10:00,00:34:52,264,Low,837,16:37:14,22:59:58,180
79,434,97,26,14:25:50,11:00:02,79,High,15,14:56:47,11:58:39,95
66,368,49,32,03:42:04,02:36:18,246,Medium,645,07:50:19,02:01:59,204
88,430,31,32,02:12:09,00:35:28,218,High,434,14:34:05,05:47:51,249
55,395,73,23,10:17:33,03:48:13,78,Medium,200,07:30:47,23:28:46,219
53,398,83,23,06:40:41,17:26:32,223,Low,107,14:31:44,13:33:19,174
86,363,59,32,17:22:06,21:47:02,160,High,440,19:14:17,17:13:17,162
74,358,97,33,06:02:11,22:20:40,286,Medium,123,12:23:39,01:00:19,221
84,422,14,21,06:48:25,22:03:20,85,Medium,486,13:27:10,01:40:40,239
71,399,55,26,00:36:47,04:42:30,210,Medium,625,05:55:24,15:10:26,248
62,393,74,25,14:01:40,20:25:40,145,Medium,827,00:24:01,22:37:43,147
90,422,87,33,06:31:03,02:37:23,289,Low,678,12:32:31,02:11:29,248
89,426,26,21,19:49:52,10:40:28,132,Medium,65,23:23:26,22:00:40,106
84,365,82,23,03:31:27,14:54:59,290,Medium,307,03:23:22,19:53:05,123
63,411,59,31,12:00:59,02:00:51,275,Low,287,01:20:29,10:34:03,95
79,363,45,20,23:34:47,21:18:45,117,Medium,915,19:15:02,09:50:28,126
68,425,21,27,21:35:56,16:21:13,250,High,867,16:36:57,05:00:39,210
54,415,87,26,22:24:15,16:56:58,298,High,370,07:43:24,07:56:37,224
95,445,24,25,18:00:04,13:43:15,113,Medium,71,22:43:58,16:18:32,212
56,356,37,25,18:21:23,00:12:37,159,Low,894,00:32:14,14:44:30,187
97,355,36,27,10:44:51,16:11:54,180,Low,888,16:33:16,20:02:01,167
72,378,88,22,04:52:35,18:37:38,123,Low,854,19:57:40,02:40:58,200
